[{"__symbolic":"module","version":3,"metadata":{"NguCarouselModule":{"__symbolic":"class","decorators":[{"__symbolic":"call","expression":{"__symbolic":"reference","module":"@angular/core","name":"NgModule"},"arguments":[{"imports":[{"__symbolic":"reference","module":"@angular/common","name":"CommonModule"}],"exports":[{"__symbolic":"reference","module":"./ngu-carousel/ngu-carousel.component","name":"NguCarouselComponent"},{"__symbolic":"reference","module":"./ngu-item/ngu-item.component","name":"NguItemComponent"},{"__symbolic":"reference","module":"./ngu-tile/ngu-tile.component","name":"NguTileComponent"},{"__symbolic":"reference","module":"./ngu-carousel.directive","name":"NguCarouselPointDirective"},{"__symbolic":"reference","module":"./ngu-carousel.directive","name":"NguCarouselItemDirective"},{"__symbolic":"reference","module":"./ngu-carousel.directive","name":"NguCarouselNextDirective"},{"__symbolic":"reference","module":"./ngu-carousel.directive","name":"NguCarouselPrevDirective"}],"declarations":[{"__symbolic":"reference","module":"./ngu-carousel/ngu-carousel.component","name":"NguCarouselComponent"},{"__symbolic":"reference","module":"./ngu-item/ngu-item.component","name":"NguItemComponent"},{"__symbolic":"reference","module":"./ngu-tile/ngu-tile.component","name":"NguTileComponent"},{"__symbolic":"reference","module":"./ngu-carousel.directive","name":"NguCarouselPointDirective"},{"__symbolic":"reference","module":"./ngu-carousel.directive","name":"NguCarouselItemDirective"},{"__symbolic":"reference","module":"./ngu-carousel.directive","name":"NguCarouselNextDirective"},{"__symbolic":"reference","module":"./ngu-carousel.directive","name":"NguCarouselPrevDirective"}],"providers":[{"__symbolic":"reference","module":"./ngu-carousel.service","name":"NguCarouselService"}]}]}]}}},{"__symbolic":"module","version":1,"metadata":{"NguCarouselModule":{"__symbolic":"class","decorators":[{"__symbolic":"call","expression":{"__symbolic":"reference","module":"@angular/core","name":"NgModule"},"arguments":[{"imports":[{"__symbolic":"reference","module":"@angular/common","name":"CommonModule"}],"exports":[{"__symbolic":"reference","module":"./ngu-carousel/ngu-carousel.component","name":"NguCarouselComponent"},{"__symbolic":"reference","module":"./ngu-item/ngu-item.component","name":"NguItemComponent"},{"__symbolic":"reference","module":"./ngu-tile/ngu-tile.component","name":"NguTileComponent"},{"__symbolic":"reference","module":"./ngu-carousel.directive","name":"NguCarouselPointDirective"},{"__symbolic":"reference","module":"./ngu-carousel.directive","name":"NguCarouselItemDirective"},{"__symbolic":"reference","module":"./ngu-carousel.directive","name":"NguCarouselNextDirective"},{"__symbolic":"reference","module":"./ngu-carousel.directive","name":"NguCarouselPrevDirective"}],"declarations":[{"__symbolic":"reference","module":"./ngu-carousel/ngu-carousel.component","name":"NguCarouselComponent"},{"__symbolic":"reference","module":"./ngu-item/ngu-item.component","name":"NguItemComponent"},{"__symbolic":"reference","module":"./ngu-tile/ngu-tile.component","name":"NguTileComponent"},{"__symbolic":"reference","module":"./ngu-carousel.directive","name":"NguCarouselPointDirective"},{"__symbolic":"reference","module":"./ngu-carousel.directive","name":"NguCarouselItemDirective"},{"__symbolic":"reference","module":"./ngu-carousel.directive","name":"NguCarouselNextDirective"},{"__symbolic":"reference","module":"./ngu-carousel.directive","name":"NguCarouselPrevDirective"}],"providers":[{"__symbolic":"reference","module":"./ngu-carousel.service","name":"NguCarouselService"}]}]}]}}}]