[{"__symbolic":"module","version":3,"metadata":{"NguCarouselService":{"__symbolic":"class","decorators":[{"__symbolic":"call","expression":{"__symbolic":"reference","module":"@angular/core","name":"Injectable"}}],"members":{"__ctor__":[{"__symbolic":"constructor"}],"reset":[{"__symbolic":"method"}],"moveToSlide":[{"__symbolic":"method"}],"destroy":[{"__symbolic":"method"}]}}}},{"__symbolic":"module","version":1,"metadata":{"NguCarouselService":{"__symbolic":"class","decorators":[{"__symbolic":"call","expression":{"__symbolic":"reference","module":"@angular/core","name":"Injectable"}}],"members":{"__ctor__":[{"__symbolic":"constructor"}],"reset":[{"__symbolic":"method"}],"moveToSlide":[{"__symbolic":"method"}],"destroy":[{"__symbolic":"method"}]}}}}]