[{"__symbolic":"module","version":3,"metadata":{"NguCarouselComponent":{"__symbolic":"class","decorators":[{"__symbolic":"call","expression":{"__symbolic":"reference","module":"@angular/core","name":"Component"},"arguments":[{"selector":"ngu-carousel","template":"<div #ngucarousel class=\"ngucarousel\"><div #forTouch class=\"ngucarousel-inner\"><div #nguitems class=\"ngucarousel-items\"><ng-content select=\"[NguCarouselItem]\"></ng-content></div><div style=\"clear: both\"></div></div><ng-content select=\"[NguCarouselPrev]\"></ng-content><ng-content select=\"[NguCarouselNext]\"></ng-content></div><div #points *ngIf=\"data.point\"><ul class=\"ngucarouselPoint\"><li #pointInner *ngFor=\"let i of pointNumbers; let i = index\" [class.active]=\"i==pointers\" (click)=\"moveTo(i)\"></li></ul></div>","styles":["\n    :host {\n      display: block;\n      position: relative;\n    }\n\n    :host.ngurtl {\n      direction: rtl;\n    }\n    \n    .nguvertical {\n      flex-direction: column;\n    }\n\n    .ngucarousel .ngucarousel-inner {\n      position: relative;\n      overflow: hidden;\n    }\n    .ngucarousel .ngucarousel-inner .ngucarousel-items {\n      position: relative;\n      display: flex;\n    }\n\n    .banner .ngucarouselPointDefault .ngucarouselPoint {\n      position: absolute;\n      width: 100%;\n      bottom: 20px;\n    }\n    .banner .ngucarouselPointDefault .ngucarouselPoint li {\n      background: rgba(255, 255, 255, 0.55);\n    }\n    .banner .ngucarouselPointDefault .ngucarouselPoint li.active {\n      background: white;\n    }\n    .banner .ngucarouselPointDefault .ngucarouselPoint li:hover {\n      cursor: pointer;\n    }\n\n    .ngucarouselPointDefault .ngucarouselPoint {\n      list-style-type: none;\n      text-align: center;\n      padding: 12px;\n      margin: 0;\n      white-space: nowrap;\n      overflow: auto;\n      box-sizing: border-box;\n    }\n    .ngucarouselPointDefault .ngucarouselPoint li {\n      display: inline-block;\n      border-radius: 50%;\n      background: rgba(0, 0, 0, 0.55);\n      padding: 4px;\n      margin: 0 4px;\n      transition-timing-function: cubic-bezier(0.17, 0.67, 0.83, 0.67);\n      transition: 0.4s;\n    }\n    .ngucarouselPointDefault .ngucarouselPoint li.active {\n      background: #6b6b6b;\n      transform: scale(1.8);\n    }\n    .ngucarouselPointDefault .ngucarouselPoint li:hover {\n      cursor: pointer;\n    }\n\n  "]}]}],"members":{"userData":[{"__symbolic":"property","decorators":[{"__symbolic":"call","expression":{"__symbolic":"reference","module":"@angular/core","name":"Input"},"arguments":["inputs"]}]}],"reseter":[{"__symbolic":"property","decorators":[{"__symbolic":"call","expression":{"__symbolic":"reference","module":"@angular/core","name":"Input"},"arguments":["reset"]}]}],"carouselLoad":[{"__symbolic":"property","decorators":[{"__symbolic":"call","expression":{"__symbolic":"reference","module":"@angular/core","name":"Output"},"arguments":["carouselLoad"]}]}],"onMove":[{"__symbolic":"property","decorators":[{"__symbolic":"call","expression":{"__symbolic":"reference","module":"@angular/core","name":"Output"},"arguments":["onMove"]}]}],"initData":[{"__symbolic":"property","decorators":[{"__symbolic":"call","expression":{"__symbolic":"reference","module":"@angular/core","name":"Output"},"arguments":["initData"]}]}],"items":[{"__symbolic":"property","decorators":[{"__symbolic":"call","expression":{"__symbolic":"reference","module":"@angular/core","name":"ContentChildren"},"arguments":[{"__symbolic":"reference","module":"./../ngu-carousel.directive","name":"NguCarouselItemDirective"},{"read":{"__symbolic":"reference","module":"@angular/core","name":"ElementRef"}}]}]}],"points":[{"__symbolic":"property","decorators":[{"__symbolic":"call","expression":{"__symbolic":"reference","module":"@angular/core","name":"ViewChildren"},"arguments":["pointInner",{"read":{"__symbolic":"reference","module":"@angular/core","name":"ElementRef"}}]}]}],"next":[{"__symbolic":"property","decorators":[{"__symbolic":"call","expression":{"__symbolic":"reference","module":"@angular/core","name":"ContentChild"},"arguments":[{"__symbolic":"reference","module":"./../ngu-carousel.directive","name":"NguCarouselNextDirective"},{"read":{"__symbolic":"reference","module":"@angular/core","name":"ElementRef"}}]}]}],"prev":[{"__symbolic":"property","decorators":[{"__symbolic":"call","expression":{"__symbolic":"reference","module":"@angular/core","name":"ContentChild"},"arguments":[{"__symbolic":"reference","module":"./../ngu-carousel.directive","name":"NguCarouselPrevDirective"},{"read":{"__symbolic":"reference","module":"@angular/core","name":"ElementRef"}}]}]}],"carouselMain1":[{"__symbolic":"property","decorators":[{"__symbolic":"call","expression":{"__symbolic":"reference","module":"@angular/core","name":"ViewChild"},"arguments":["ngucarousel",{"read":{"__symbolic":"reference","module":"@angular/core","name":"ElementRef"}}]}]}],"carouselInner1":[{"__symbolic":"property","decorators":[{"__symbolic":"call","expression":{"__symbolic":"reference","module":"@angular/core","name":"ViewChild"},"arguments":["nguitems",{"read":{"__symbolic":"reference","module":"@angular/core","name":"ElementRef"}}]}]}],"carousel1":[{"__symbolic":"property","decorators":[{"__symbolic":"call","expression":{"__symbolic":"reference","module":"@angular/core","name":"ViewChild"},"arguments":["main",{"read":{"__symbolic":"reference","module":"@angular/core","name":"ElementRef"}}]}]}],"pointMain":[{"__symbolic":"property","decorators":[{"__symbolic":"call","expression":{"__symbolic":"reference","module":"@angular/core","name":"ViewChild"},"arguments":["points",{"read":{"__symbolic":"reference","module":"@angular/core","name":"ElementRef"}}]}]}],"forTouch":[{"__symbolic":"property","decorators":[{"__symbolic":"call","expression":{"__symbolic":"reference","module":"@angular/core","name":"ViewChild"},"arguments":["forTouch",{"read":{"__symbolic":"reference","module":"@angular/core","name":"ElementRef"}}]}]}],"__ctor__":[{"__symbolic":"constructor","parameterDecorators":[null,null,null,[{"__symbolic":"call","expression":{"__symbolic":"reference","module":"@angular/core","name":"Inject"},"arguments":[{"__symbolic":"reference","module":"@angular/core","name":"PLATFORM_ID"}]}]],"parameters":[{"__symbolic":"reference","module":"@angular/core","name":"ElementRef"},{"__symbolic":"reference","module":"@angular/core","name":"Renderer2"},{"__symbolic":"reference","module":"./../ngu-carousel.service","name":"NguCarouselService"},{"__symbolic":"reference","name":"Object"}]}],"ngOnChanges":[{"__symbolic":"method"}],"ngOnInit":[{"__symbolic":"method"}],"ngAfterContentInit":[{"__symbolic":"method"}],"ngAfterViewInit":[{"__symbolic":"method"}],"ngOnDestroy":[{"__symbolic":"method"}],"onResizing":[{"__symbolic":"method"}],"touch":[{"__symbolic":"method"}],"touchHandling":[{"__symbolic":"method"}],"onWindowScrolling":[{"__symbolic":"method"}],"storeCarouselData":[{"__symbolic":"method"}],"reset":[{"__symbolic":"method"}],"carouselPoint":[{"__symbolic":"method"}],"carouselPointActiver":[{"__symbolic":"method"}],"moveTo":[{"__symbolic":"method"}],"carouselSize":[{"__symbolic":"method"}],"carouselScrollOne":[{"__symbolic":"method"}],"carouselScrollTwo":[{"__symbolic":"method"}],"btnBoolean":[{"__symbolic":"method"}],"transformString":[{"__symbolic":"method"}],"transformStyle":[{"__symbolic":"method"}],"carouselLoadTrigger":[{"__symbolic":"method"}],"generateID":[{"__symbolic":"method"}],"carouselInterval":[{"__symbolic":"method"}],"carouselIntervalEvent":[{"__symbolic":"method"}],"carouselAnimator":[{"__symbolic":"method"}],"buttonControl":[{"__symbolic":"method"}],"setStyle":[{"__symbolic":"method"}],"createStyleElem":[{"__symbolic":"method"}]}}}},{"__symbolic":"module","version":1,"metadata":{"NguCarouselComponent":{"__symbolic":"class","decorators":[{"__symbolic":"call","expression":{"__symbolic":"reference","module":"@angular/core","name":"Component"},"arguments":[{"selector":"ngu-carousel","template":"<div #ngucarousel class=\"ngucarousel\"><div #forTouch class=\"ngucarousel-inner\"><div #nguitems class=\"ngucarousel-items\"><ng-content select=\"[NguCarouselItem]\"></ng-content></div><div style=\"clear: both\"></div></div><ng-content select=\"[NguCarouselPrev]\"></ng-content><ng-content select=\"[NguCarouselNext]\"></ng-content></div><div #points *ngIf=\"data.point\"><ul class=\"ngucarouselPoint\"><li #pointInner *ngFor=\"let i of pointNumbers; let i = index\" [class.active]=\"i==pointers\" (click)=\"moveTo(i)\"></li></ul></div>","styles":["\n    :host {\n      display: block;\n      position: relative;\n    }\n\n    :host.ngurtl {\n      direction: rtl;\n    }\n    \n    .nguvertical {\n      flex-direction: column;\n    }\n\n    .ngucarousel .ngucarousel-inner {\n      position: relative;\n      overflow: hidden;\n    }\n    .ngucarousel .ngucarousel-inner .ngucarousel-items {\n      position: relative;\n      display: flex;\n    }\n\n    .banner .ngucarouselPointDefault .ngucarouselPoint {\n      position: absolute;\n      width: 100%;\n      bottom: 20px;\n    }\n    .banner .ngucarouselPointDefault .ngucarouselPoint li {\n      background: rgba(255, 255, 255, 0.55);\n    }\n    .banner .ngucarouselPointDefault .ngucarouselPoint li.active {\n      background: white;\n    }\n    .banner .ngucarouselPointDefault .ngucarouselPoint li:hover {\n      cursor: pointer;\n    }\n\n    .ngucarouselPointDefault .ngucarouselPoint {\n      list-style-type: none;\n      text-align: center;\n      padding: 12px;\n      margin: 0;\n      white-space: nowrap;\n      overflow: auto;\n      box-sizing: border-box;\n    }\n    .ngucarouselPointDefault .ngucarouselPoint li {\n      display: inline-block;\n      border-radius: 50%;\n      background: rgba(0, 0, 0, 0.55);\n      padding: 4px;\n      margin: 0 4px;\n      transition-timing-function: cubic-bezier(0.17, 0.67, 0.83, 0.67);\n      transition: 0.4s;\n    }\n    .ngucarouselPointDefault .ngucarouselPoint li.active {\n      background: #6b6b6b;\n      transform: scale(1.8);\n    }\n    .ngucarouselPointDefault .ngucarouselPoint li:hover {\n      cursor: pointer;\n    }\n\n  "]}]}],"members":{"userData":[{"__symbolic":"property","decorators":[{"__symbolic":"call","expression":{"__symbolic":"reference","module":"@angular/core","name":"Input"},"arguments":["inputs"]}]}],"reseter":[{"__symbolic":"property","decorators":[{"__symbolic":"call","expression":{"__symbolic":"reference","module":"@angular/core","name":"Input"},"arguments":["reset"]}]}],"carouselLoad":[{"__symbolic":"property","decorators":[{"__symbolic":"call","expression":{"__symbolic":"reference","module":"@angular/core","name":"Output"},"arguments":["carouselLoad"]}]}],"onMove":[{"__symbolic":"property","decorators":[{"__symbolic":"call","expression":{"__symbolic":"reference","module":"@angular/core","name":"Output"},"arguments":["onMove"]}]}],"initData":[{"__symbolic":"property","decorators":[{"__symbolic":"call","expression":{"__symbolic":"reference","module":"@angular/core","name":"Output"},"arguments":["initData"]}]}],"items":[{"__symbolic":"property","decorators":[{"__symbolic":"call","expression":{"__symbolic":"reference","module":"@angular/core","name":"ContentChildren"},"arguments":[{"__symbolic":"reference","module":"./../ngu-carousel.directive","name":"NguCarouselItemDirective"},{"read":{"__symbolic":"reference","module":"@angular/core","name":"ElementRef"}}]}]}],"points":[{"__symbolic":"property","decorators":[{"__symbolic":"call","expression":{"__symbolic":"reference","module":"@angular/core","name":"ViewChildren"},"arguments":["pointInner",{"read":{"__symbolic":"reference","module":"@angular/core","name":"ElementRef"}}]}]}],"next":[{"__symbolic":"property","decorators":[{"__symbolic":"call","expression":{"__symbolic":"reference","module":"@angular/core","name":"ContentChild"},"arguments":[{"__symbolic":"reference","module":"./../ngu-carousel.directive","name":"NguCarouselNextDirective"},{"read":{"__symbolic":"reference","module":"@angular/core","name":"ElementRef"}}]}]}],"prev":[{"__symbolic":"property","decorators":[{"__symbolic":"call","expression":{"__symbolic":"reference","module":"@angular/core","name":"ContentChild"},"arguments":[{"__symbolic":"reference","module":"./../ngu-carousel.directive","name":"NguCarouselPrevDirective"},{"read":{"__symbolic":"reference","module":"@angular/core","name":"ElementRef"}}]}]}],"carouselMain1":[{"__symbolic":"property","decorators":[{"__symbolic":"call","expression":{"__symbolic":"reference","module":"@angular/core","name":"ViewChild"},"arguments":["ngucarousel",{"read":{"__symbolic":"reference","module":"@angular/core","name":"ElementRef"}}]}]}],"carouselInner1":[{"__symbolic":"property","decorators":[{"__symbolic":"call","expression":{"__symbolic":"reference","module":"@angular/core","name":"ViewChild"},"arguments":["nguitems",{"read":{"__symbolic":"reference","module":"@angular/core","name":"ElementRef"}}]}]}],"carousel1":[{"__symbolic":"property","decorators":[{"__symbolic":"call","expression":{"__symbolic":"reference","module":"@angular/core","name":"ViewChild"},"arguments":["main",{"read":{"__symbolic":"reference","module":"@angular/core","name":"ElementRef"}}]}]}],"pointMain":[{"__symbolic":"property","decorators":[{"__symbolic":"call","expression":{"__symbolic":"reference","module":"@angular/core","name":"ViewChild"},"arguments":["points",{"read":{"__symbolic":"reference","module":"@angular/core","name":"ElementRef"}}]}]}],"forTouch":[{"__symbolic":"property","decorators":[{"__symbolic":"call","expression":{"__symbolic":"reference","module":"@angular/core","name":"ViewChild"},"arguments":["forTouch",{"read":{"__symbolic":"reference","module":"@angular/core","name":"ElementRef"}}]}]}],"__ctor__":[{"__symbolic":"constructor","parameterDecorators":[null,null,null,[{"__symbolic":"call","expression":{"__symbolic":"reference","module":"@angular/core","name":"Inject"},"arguments":[{"__symbolic":"reference","module":"@angular/core","name":"PLATFORM_ID"}]}]],"parameters":[{"__symbolic":"reference","module":"@angular/core","name":"ElementRef"},{"__symbolic":"reference","module":"@angular/core","name":"Renderer2"},{"__symbolic":"reference","module":"./../ngu-carousel.service","name":"NguCarouselService"},{"__symbolic":"reference","name":"Object"}]}],"ngOnChanges":[{"__symbolic":"method"}],"ngOnInit":[{"__symbolic":"method"}],"ngAfterContentInit":[{"__symbolic":"method"}],"ngAfterViewInit":[{"__symbolic":"method"}],"ngOnDestroy":[{"__symbolic":"method"}],"onResizing":[{"__symbolic":"method"}],"touch":[{"__symbolic":"method"}],"touchHandling":[{"__symbolic":"method"}],"onWindowScrolling":[{"__symbolic":"method"}],"storeCarouselData":[{"__symbolic":"method"}],"reset":[{"__symbolic":"method"}],"carouselPoint":[{"__symbolic":"method"}],"carouselPointActiver":[{"__symbolic":"method"}],"moveTo":[{"__symbolic":"method"}],"carouselSize":[{"__symbolic":"method"}],"carouselScrollOne":[{"__symbolic":"method"}],"carouselScrollTwo":[{"__symbolic":"method"}],"btnBoolean":[{"__symbolic":"method"}],"transformString":[{"__symbolic":"method"}],"transformStyle":[{"__symbolic":"method"}],"carouselLoadTrigger":[{"__symbolic":"method"}],"generateID":[{"__symbolic":"method"}],"carouselInterval":[{"__symbolic":"method"}],"carouselIntervalEvent":[{"__symbolic":"method"}],"carouselAnimator":[{"__symbolic":"method"}],"buttonControl":[{"__symbolic":"method"}],"setStyle":[{"__symbolic":"method"}],"createStyleElem":[{"__symbolic":"method"}]}}}}]