[{"__symbolic":"module","version":3,"metadata":{"NguCarouselStore":{"__symbolic":"class"},"DeviceType":{"__symbolic":"interface"},"ButtonVisible":{"__symbolic":"interface"},"ItemsControl":{"__symbolic":"class"},"Vertical":{"__symbolic":"class"},"NguButton":{"__symbolic":"class"},"Touch":{"__symbolic":"class"},"Transfrom":{"__symbolic":"class"},"NguCarousel":{"__symbolic":"class"},"Custom":{"__symbolic":"interface"},"Animate":{"__symbolic":"interface"},"Point":{"__symbolic":"interface"},"Animation":{"__symbolic":"interface"},"AnimationStyles":{"__symbolic":"interface"}}},{"__symbolic":"module","version":1,"metadata":{"NguCarouselStore":{"__symbolic":"class"},"DeviceType":{"__symbolic":"interface"},"ButtonVisible":{"__symbolic":"interface"},"ItemsControl":{"__symbolic":"class"},"Vertical":{"__symbolic":"class"},"NguButton":{"__symbolic":"class"},"Touch":{"__symbolic":"class"},"Transfrom":{"__symbolic":"class"},"NguCarousel":{"__symbolic":"class"},"Custom":{"__symbolic":"interface"},"Animate":{"__symbolic":"interface"},"Point":{"__symbolic":"interface"},"Animation":{"__symbolic":"interface"},"AnimationStyles":{"__symbolic":"interface"}}}]