[{"__symbolic":"module","version":3,"metadata":{},"exports":[{"from":"./src/ngu-carousel.module","export":["NguCarouselModule"]},{"from":"./src/ngu-carousel/ngu-carousel.interface","export":["NguCarousel","NguCarouselStore"]},{"from":"./src/ngu-carousel.service","export":["NguCarouselService"]}]},{"__symbolic":"module","version":1,"metadata":{},"exports":[{"from":"./src/ngu-carousel.module","export":["NguCarouselModule"]},{"from":"./src/ngu-carousel/ngu-carousel.interface","export":["NguCarousel","NguCarouselStore"]},{"from":"./src/ngu-carousel.service","export":["NguCarouselService"]}]}]