[{"__symbolic":"module","version":3,"metadata":{"NguTileComponent":{"__symbolic":"class","decorators":[{"__symbolic":"call","expression":{"__symbolic":"reference","module":"@angular/core","name":"Component"},"arguments":[{"selector":"ngu-tile","template":"<div class=\"tile\"><ng-content></ng-content></div>","styles":["\n    :host {\n        display: inline-block;\n        white-space: initial;\n        padding: 10px;\n        box-sizing: border-box;\n        vertical-align: top;\n    }\n\n    .tile {\n        box-shadow: 0 2px 5px 0 rgba(0, 0, 0, 0.16), 0 2px 10px 0 rgba(0, 0, 0, 0.12);\n    }\n\n    * {\n        box-sizing: border-box;\n    }\n  "]}]}],"members":{"classes":[{"__symbolic":"property","decorators":[{"__symbolic":"call","expression":{"__symbolic":"reference","module":"@angular/core","name":"HostBinding"},"arguments":["class.item"]}]}]}}}},{"__symbolic":"module","version":1,"metadata":{"NguTileComponent":{"__symbolic":"class","decorators":[{"__symbolic":"call","expression":{"__symbolic":"reference","module":"@angular/core","name":"Component"},"arguments":[{"selector":"ngu-tile","template":"<div class=\"tile\"><ng-content></ng-content></div>","styles":["\n    :host {\n        display: inline-block;\n        white-space: initial;\n        padding: 10px;\n        box-sizing: border-box;\n        vertical-align: top;\n    }\n\n    .tile {\n        box-shadow: 0 2px 5px 0 rgba(0, 0, 0, 0.16), 0 2px 10px 0 rgba(0, 0, 0, 0.12);\n    }\n\n    * {\n        box-sizing: border-box;\n    }\n  "]}]}],"members":{"classes":[{"__symbolic":"property","decorators":[{"__symbolic":"call","expression":{"__symbolic":"reference","module":"@angular/core","name":"HostBinding"},"arguments":["class.item"]}]}]}}}}]