[{"__symbolic":"module","version":3,"metadata":{"NguItemComponent":{"__symbolic":"class","decorators":[{"__symbolic":"call","expression":{"__symbolic":"reference","module":"@angular/core","name":"Component"},"arguments":[{"selector":"ngu-item","template":"<ng-content></ng-content>","styles":["\n    :host {\n        display: inline-block;\n        white-space: initial;\n        vertical-align: top;\n    }\n  "]}]}],"members":{"classes":[{"__symbolic":"property","decorators":[{"__symbolic":"call","expression":{"__symbolic":"reference","module":"@angular/core","name":"HostBinding"},"arguments":["class.item"]}]}]}}}},{"__symbolic":"module","version":1,"metadata":{"NguItemComponent":{"__symbolic":"class","decorators":[{"__symbolic":"call","expression":{"__symbolic":"reference","module":"@angular/core","name":"Component"},"arguments":[{"selector":"ngu-item","template":"<ng-content></ng-content>","styles":["\n    :host {\n        display: inline-block;\n        white-space: initial;\n        vertical-align: top;\n    }\n  "]}]}],"members":{"classes":[{"__symbolic":"property","decorators":[{"__symbolic":"call","expression":{"__symbolic":"reference","module":"@angular/core","name":"HostBinding"},"arguments":["class.item"]}]}]}}}}]